layer,tokens,time_us
act_fn,1,2.50667
act_fn,2,2.75167
act_fn,3,2.73067
act_fn,4,2.731
act_fn,5,2.76267
act_fn,6,2.76233
act_fn,7,2.784
act_fn,8,2.77333
act_fn,9,2.74133
act_fn,10,2.76267
act_fn,11,2.762
act_fn,12,2.74067
act_fn,13,2.752
act_fn,14,2.76233
act_fn,15,2.74133
act_fn,16,2.73033
act_fn,20,2.75167
act_fn,24,2.76267
act_fn,28,2.78367
act_fn,32,2.77333
act_fn,36,2.37867
act_fn,40,2.389
act_fn,44,2.34633
act_fn,48,2.56033
act_fn,52,2.592
act_fn,56,2.81533
act_fn,60,2.464
act_fn,64,2.37867
act_fn,80,2.58133
act_fn,96,2.61333
act_fn,112,2.507
act_fn,128,2.73067
act_fn,144,2.79433
act_fn,160,2.71933
act_fn,176,2.90133
act_fn,192,3.03967
act_fn,208,2.848
act_fn,224,2.848
act_fn,240,2.88
act_fn,256,2.923
act_fn,272,3.19933
act_fn,288,3.18933
act_fn,304,3.25333
act_fn,320,3.21067
act_fn,336,3.285
act_fn,352,3.38133
act_fn,368,3.35967
act_fn,384,3.42367
act_fn,400,3.44533
act_fn,416,3.413
act_fn,432,3.552
act_fn,448,3.58367
act_fn,464,3.48733
act_fn,480,3.56233
act_fn,496,3.232
act_fn,512,3.43433
act_fn,528,3.50933
act_fn,544,3.50933
act_fn,560,3.44533
act_fn,576,3.45667
act_fn,592,3.75467
act_fn,608,3.904
act_fn,624,3.89333
act_fn,640,3.96767
act_fn,656,3.968
act_fn,672,4.04267
act_fn,688,4.138
act_fn,704,4.20233
act_fn,720,4.17067
act_fn,736,4.21267
act_fn,752,4.20267
act_fn,768,4.15967
act_fn,784,5.376
act_fn,800,5.35467
act_fn,816,5.39733
act_fn,832,5.408
act_fn,848,5.52533
act_fn,864,5.54667
act_fn,880,5.461
act_fn,896,5.41867
act_fn,912,5.40767
act_fn,928,5.51467
act_fn,944,5.63167
act_fn,960,5.70667
act_fn,976,4.21267
act_fn,992,4.21333
act_fn,1008,4.608
act_fn,1024,4.65067
act_fn,1040,5.77067
act_fn,1056,5.728
act_fn,1072,5.57867
act_fn,1088,5.653
act_fn,1104,5.589
act_fn,1120,5.653
act_fn,1136,5.696
act_fn,1152,5.717
act_fn,1168,5.66367
act_fn,1184,5.653
act_fn,1200,5.589
act_fn,1216,5.00233
act_fn,1232,5.01333
act_fn,1248,5.045
act_fn,1264,5.088
act_fn,1280,5.152
act_fn,1296,5.79167
act_fn,1312,5.82367
act_fn,1328,5.82367
act_fn,1344,5.80267
act_fn,1360,5.941
act_fn,1376,6.00533
act_fn,1392,5.99467
act_fn,1408,6.112
act_fn,1424,6.15467
act_fn,1440,6.27167
act_fn,1456,7.59467
act_fn,1472,7.57333
act_fn,1488,7.626
act_fn,1504,7.66933
act_fn,1520,7.744
act_fn,1536,7.70133
act_fn,1552,7.60533
act_fn,1568,7.65833
act_fn,1584,7.59467
act_fn,1600,7.63667
act_fn,1616,7.701
act_fn,1632,7.797
act_fn,1648,7.605
act_fn,1664,6.56
act_fn,1680,7.104
act_fn,1696,7.168
act_fn,1712,7.392
act_fn,1728,7.317
act_fn,1744,7.541
act_fn,1760,7.50967
act_fn,1776,7.72267
act_fn,1792,7.872
act_fn,1808,7.797
act_fn,1824,7.97867
act_fn,1840,8.03167
act_fn,1856,8.085
act_fn,1872,8.34133
act_fn,1888,8.30867
act_fn,1904,8.33067
act_fn,1920,8.533
act_fn,1936,8.59733
act_fn,1952,8.71467
act_fn,1968,8.61833
act_fn,1984,8.82133
act_fn,2000,8.629
act_fn,2016,8.71433
act_fn,2032,8.74633
act_fn,2048,8.90667
act_fn,2064,8.80033
act_fn,2080,8.86433
act_fn,2096,9.248
act_fn,2112,9.131
act_fn,2128,9.25867
act_fn,2144,9.33367
act_fn,2160,9.39767
act_fn,2176,9.42933
act_fn,2192,9.57867
act_fn,2208,9.995
act_fn,2224,9.696
act_fn,2240,9.57867
act_fn,2256,10.0053
act_fn,2272,9.81333
act_fn,2288,10.0797
act_fn,2304,10.2937
act_fn,2320,10.1867
act_fn,2336,10.1973
act_fn,2352,10.7523
act_fn,2368,10.528
act_fn,2384,10.8803
act_fn,2400,10.8053
act_fn,2416,10.752
act_fn,2432,10.7947
act_fn,2448,10.88
act_fn,2464,10.9867
act_fn,2480,11.0187
act_fn,2496,11.0823
act_fn,2512,11.1567
act_fn,2528,11.1893
act_fn,2544,11.3813
act_fn,2560,11.4133
act_fn,2576,11.7117
act_fn,2592,11.8403
act_fn,2608,11.861
act_fn,2624,11.8827
act_fn,2640,11.9997
act_fn,2656,12.0633
act_fn,2672,12.1277
act_fn,2688,12.33
act_fn,2704,12.3947
act_fn,2720,12.3727
act_fn,2736,12.7787
act_fn,2752,12.7673
act_fn,2768,12.9277
act_fn,2784,12.9387
act_fn,2800,13.0233
act_fn,2816,13.1413
act_fn,2832,13.2587
act_fn,2848,13.5037
act_fn,2864,13.4183
act_fn,2880,13.557
act_fn,2896,13.8877
act_fn,2912,13.8557
act_fn,2928,14.015
act_fn,2944,13.9943
act_fn,2960,14.4953
act_fn,2976,14.431
act_fn,2992,14.528
act_fn,3008,14.538
act_fn,3024,14.602
act_fn,3040,14.8257
act_fn,3056,14.7407
act_fn,3072,14.8577
act_fn,3088,15.9573
act_fn,3104,15.967
act_fn,3120,16.053
act_fn,3136,16.3297
act_fn,3152,16.2553
act_fn,3168,16.4577
act_fn,3184,16.447
act_fn,3200,16.469
act_fn,3216,16.6073
act_fn,3232,16.885
act_fn,3248,16.9483
act_fn,3264,17.1403
act_fn,3280,17.194
act_fn,3296,17.3963
act_fn,3312,17.3117
act_fn,3328,17.4073
act_fn,3344,17.6527
act_fn,3360,17.567
act_fn,3376,17.855
act_fn,3392,17.802
act_fn,3408,18.0153
act_fn,3424,17.8763
act_fn,3440,18.1643
act_fn,3456,17.951
act_fn,3472,16.5967
act_fn,3488,16.7033
act_fn,3504,16.7883
act_fn,3520,16.991
act_fn,3536,17.1833
act_fn,3552,17.1937
act_fn,3568,17.1827
act_fn,3584,17.4387
act_fn,3600,17.6947
act_fn,3616,17.5567
act_fn,3632,17.567
act_fn,3648,17.8333
act_fn,3664,18.036
act_fn,3680,18.0363
act_fn,3696,18.1213
act_fn,3712,18.2283
act_fn,3728,18.452
act_fn,3744,18.3777
act_fn,3760,18.6547
act_fn,3776,18.6867
act_fn,3792,18.7613
act_fn,3808,18.8467
act_fn,3824,18.8783
act_fn,3840,19.071
act_fn,3856,18.6117
act_fn,3872,18.665
act_fn,3888,18.8573
act_fn,3904,18.9427
act_fn,3920,19.049
act_fn,3936,19.4337
act_fn,3952,19.3483
act_fn,3968,19.305
act_fn,3984,19.3907
act_fn,4000,19.2737
act_fn,4016,19.5823
act_fn,4032,19.54
act_fn,4048,19.6147
act_fn,4064,19.9767
act_fn,4080,19.8917
down_proj,1,11.104
down_proj,2,11.477
down_proj,3,11.552
down_proj,4,11.5943
down_proj,5,11.594
down_proj,6,11.6577
down_proj,7,11.5837
down_proj,8,11.6267
down_proj,9,11.5837
down_proj,10,11.605
down_proj,11,11.616
down_proj,12,11.605
down_proj,13,11.6583
down_proj,14,11.605
down_proj,15,11.6583
down_proj,16,11.4877
down_proj,20,10.4853
down_proj,24,10.5813
down_proj,28,10.752
down_proj,32,10.8053
down_proj,36,14.933
down_proj,40,14.805
down_proj,44,15.0933
down_proj,48,15.1673
down_proj,52,15.4237
down_proj,56,15.797
down_proj,60,12.949
down_proj,64,13.152
down_proj,80,18.5593
down_proj,96,18.4423
down_proj,112,19.1247
down_proj,128,18.4533
down_proj,144,34.463
down_proj,160,26.3783
down_proj,176,26.4207
down_proj,192,32.6927
down_proj,208,32.9913
down_proj,224,33.0237
down_proj,240,33.1087
down_proj,256,33.077
down_proj,272,46.6653
down_proj,288,46.751
down_proj,304,46.8363
down_proj,320,46.879
down_proj,336,46.9323
down_proj,352,46.932
down_proj,368,47.0927
down_proj,384,47.06
down_proj,400,59.924
down_proj,416,60.0413
down_proj,432,59.9457
down_proj,448,60.0087
down_proj,464,60.5533
down_proj,480,60.7767
down_proj,496,60.084
down_proj,512,60.127
down_proj,528,61.279
down_proj,544,61.1083
down_proj,560,61.172
down_proj,576,61.1617
down_proj,592,60.5957
down_proj,608,60.4787
down_proj,624,60.7243
down_proj,640,60.6813
down_proj,656,72.841
down_proj,672,90.238
down_proj,688,89.5657
down_proj,704,83.0597
down_proj,720,94.2807
down_proj,736,94.5687
down_proj,752,94.2483
down_proj,768,94.8243
down_proj,784,94.3873
down_proj,800,94.3553
down_proj,816,94.494
down_proj,832,94.7393
down_proj,848,95.0913
down_proj,864,95.1553
down_proj,880,95.1447
down_proj,896,95.294
down_proj,912,95.273
down_proj,928,95.582
down_proj,944,96.2643
down_proj,960,96.0297
down_proj,976,121.683
down_proj,992,121.64
down_proj,1008,122.173
down_proj,1024,121.768
down_proj,1040,121.288
down_proj,1056,121.49
down_proj,1072,121.394
down_proj,1088,121.245
down_proj,1104,121.726
down_proj,1120,121.757
down_proj,1136,121.854
down_proj,1152,121.875
down_proj,1168,137.725
down_proj,1184,137.597
down_proj,1200,139.186
down_proj,1216,139.474
down_proj,1232,139.869
down_proj,1248,124.093
down_proj,1264,124.04
down_proj,1280,124.189
down_proj,1296,157.266
down_proj,1312,157.842
down_proj,1328,157.832
down_proj,1344,157.778
down_proj,1360,158.567
down_proj,1376,158.887
down_proj,1392,159.356
down_proj,1408,159.527
down_proj,1424,159.89
down_proj,1440,159.687
down_proj,1456,158.653
down_proj,1472,182.375
down_proj,1488,182.556
down_proj,1504,182.759
down_proj,1520,182.801
down_proj,1536,182.758
down_proj,1552,182.151
down_proj,1568,182.642
down_proj,1584,182.556
down_proj,1600,182.834
down_proj,1616,182.749
down_proj,1632,183.058
down_proj,1648,183.036
down_proj,1664,185.543
down_proj,1680,186.001
down_proj,1696,186.15
down_proj,1712,185.959
down_proj,1728,193.883
down_proj,1744,194.481
down_proj,1760,194.406
down_proj,1776,193.692
down_proj,1792,193.692
down_proj,1808,193.703
down_proj,1824,193.99
down_proj,1840,194.15
down_proj,1856,194.471
down_proj,1872,194.215
down_proj,1888,194.449
down_proj,1904,194.439
down_proj,1920,194.545
down_proj,1936,229.435
down_proj,1952,229.51
down_proj,1968,230.214
down_proj,1984,229.968
down_proj,2000,229.894
down_proj,2016,230.214
down_proj,2032,230.331
down_proj,2048,230.641
down_proj,2064,229.4
down_proj,2080,229.656
down_proj,2096,229.272
down_proj,2112,229.678
down_proj,2128,228.59
down_proj,2144,228.716
down_proj,2160,241.591
down_proj,2176,241.559
down_proj,2192,240.94
down_proj,2208,240.79
down_proj,2224,240.865
down_proj,2240,241.355
down_proj,2256,241.377
down_proj,2272,241.195
down_proj,2288,241.504
down_proj,2304,241.579
down_proj,2320,241.536
down_proj,2336,241.77
down_proj,2352,241.706
down_proj,2368,241.973
down_proj,2384,227.786
down_proj,2400,227.935
down_proj,2416,227.561
down_proj,2432,227.732
down_proj,2448,227.849
down_proj,2464,227.785
down_proj,2480,227.795
down_proj,2496,227.933
down_proj,2512,227.731
down_proj,2528,227.773
down_proj,2544,227.943
down_proj,2560,227.709
down_proj,2576,256.797
down_proj,2592,257.318
down_proj,2608,257.969
down_proj,2624,258.257
down_proj,2640,258.523
down_proj,2656,258.672
down_proj,2672,258.426
down_proj,2688,259.003
down_proj,2704,279.173
down_proj,2720,279.344
down_proj,2736,279.386
down_proj,2752,279.493
down_proj,2768,279.386
down_proj,2784,279.833
down_proj,2800,301.187
down_proj,2816,300.664
down_proj,2832,301.774
down_proj,2848,301.785
down_proj,2864,301.421
down_proj,2880,301.933
down_proj,2896,302.999
down_proj,2912,302.775
down_proj,2928,302.87
down_proj,2944,302.764
down_proj,2960,306.08
down_proj,2976,305.985
down_proj,2992,306.261
down_proj,3008,306.678
down_proj,3024,306.602
down_proj,3040,306.816
down_proj,3056,306.207
down_proj,3072,306.592
down_proj,3088,306.452
down_proj,3104,306.804
down_proj,3120,306.707
down_proj,3136,306.75
down_proj,3152,307.294
down_proj,3168,307.507
down_proj,3184,307.518
down_proj,3200,307.485
down_proj,3216,342.427
down_proj,3232,356.239
down_proj,3248,355.813
down_proj,3264,356.591
down_proj,3280,356.527
down_proj,3296,356.718
down_proj,3312,357.038
down_proj,3328,356.697
down_proj,3344,356.772
down_proj,3360,356.184
down_proj,3376,357.037
down_proj,3392,356.942
down_proj,3408,356.941
down_proj,3424,356.929
down_proj,3440,357.4
down_proj,3456,357.505
down_proj,3472,348.951
down_proj,3488,349.655
down_proj,3504,350.22
down_proj,3520,350.647
down_proj,3536,350.645
down_proj,3552,351.254
down_proj,3568,351.585
down_proj,3584,352.117
down_proj,3600,338.379
down_proj,3616,338.176
down_proj,3632,338.208
down_proj,3648,338.283
down_proj,3664,338.986
down_proj,3680,345.247
down_proj,3696,345.385
down_proj,3712,345.225
down_proj,3728,345.288
down_proj,3744,345.534
down_proj,3760,344.937
down_proj,3776,345.287
down_proj,3792,361.714
down_proj,3808,362.183
down_proj,3824,362.343
down_proj,3840,362.202
down_proj,3856,403.928
down_proj,3872,404.696
down_proj,3888,404.738
down_proj,3904,404.535
down_proj,3920,405.42
down_proj,3936,396.407
down_proj,3952,396.653
down_proj,3968,397.025
down_proj,3984,396.31
down_proj,4000,396.791
down_proj,4016,397.302
down_proj,4032,373.186
down_proj,4048,367.662
down_proj,4064,367.736
down_proj,4080,367.074
embedding,1,4.341
embedding,2,4.54367
embedding,3,4.84267
embedding,4,5.02433
embedding,5,5.42933
embedding,6,5.706
embedding,7,5.94133
embedding,8,6.08033
embedding,9,6.56967
embedding,10,6.85767
embedding,11,7.061
embedding,12,7.34967
embedding,13,7.71167
embedding,14,7.94633
embedding,15,8.192
embedding,16,8.341
embedding,20,3.63633
embedding,24,3.58367
embedding,28,3.76533
embedding,32,3.63733
embedding,36,3.82933
embedding,40,3.755
embedding,44,3.94667
embedding,48,3.88267
embedding,52,4.07433
embedding,56,3.957
embedding,60,4.096
embedding,64,4.02133
embedding,80,4.26667
embedding,96,4.33
embedding,112,4.448
embedding,128,4.57533
embedding,144,4.875
embedding,160,4.87433
embedding,176,5.01367
embedding,192,5.024
embedding,208,5.12
embedding,224,5.06667
embedding,240,5.216
embedding,256,5.25867
embedding,272,5.55733
embedding,288,5.568
embedding,304,5.696
embedding,320,5.81333
embedding,336,5.824
embedding,352,5.88833
embedding,368,6.09033
embedding,384,6.069
embedding,400,6.411
embedding,416,6.517
embedding,432,6.71967
embedding,448,6.73067
embedding,464,6.933
embedding,480,7.01867
embedding,496,7.29567
embedding,512,7.28533
embedding,528,7.381
embedding,544,7.424
embedding,560,7.42367
embedding,576,7.47733
embedding,592,7.66867
embedding,608,7.776
embedding,624,7.86133
embedding,640,7.85067
embedding,656,8.096
embedding,672,8.15967
embedding,688,8.245
embedding,704,8.416
embedding,720,8.67167
embedding,736,8.70333
embedding,752,9.002
embedding,768,9.16267
embedding,784,9.35433
embedding,800,9.51533
embedding,816,9.674
embedding,832,9.824
embedding,848,9.97333
embedding,864,10.2187
embedding,880,10.3037
embedding,896,10.5277
embedding,912,10.667
embedding,928,10.7627
embedding,944,10.901
embedding,960,11.3277
embedding,976,11.3383
embedding,992,11.5737
embedding,1008,11.7437
embedding,1024,11.8923
embedding,1040,12.0527
embedding,1056,12.1813
embedding,1072,12.32
embedding,1088,12.4263
embedding,1104,12.5863
embedding,1120,12.576
embedding,1136,12.8527
embedding,1152,12.9593
embedding,1168,13.1837
embedding,1184,13.2053
embedding,1200,13.557
embedding,1216,13.5677
embedding,1232,13.7067
embedding,1248,13.824
embedding,1264,13.995
embedding,1280,14.1753
embedding,1296,14.304
embedding,1312,14.4217
embedding,1328,14.6137
embedding,1344,14.88
embedding,1360,14.944
embedding,1376,15.0717
embedding,1392,15.2107
embedding,1408,15.3377
embedding,1424,15.5197
embedding,1440,15.5943
embedding,1456,15.872
embedding,1472,16.1067
embedding,1488,16.1923
embedding,1504,16.287
embedding,1520,16.427
embedding,1536,16.608
embedding,1552,16.842
embedding,1568,17.0773
embedding,1584,17.0983
embedding,1600,17.397
embedding,1616,17.5993
embedding,1632,17.4507
embedding,1648,17.728
embedding,1664,17.8657
embedding,1680,17.9407
embedding,1696,18.1437
embedding,1712,18.3783
embedding,1728,18.2927
embedding,1744,18.528
embedding,1760,18.7407
embedding,1776,18.8797
embedding,1792,19.0927
embedding,1808,19.264
embedding,1824,19.3913
embedding,1840,19.4127
embedding,1856,19.6577
embedding,1872,19.8183
embedding,1888,19.903
embedding,1904,20.1493
embedding,1920,20.2237
embedding,1936,20.448
embedding,1952,20.64
embedding,1968,20.7463
embedding,1984,20.789
embedding,2000,21.1403
embedding,2016,21.2047
embedding,2032,21.5033
embedding,2048,21.4397
embedding,2064,21.6113
embedding,2080,21.792
embedding,2096,22.0377
embedding,2112,22.0377
embedding,2128,22.1017
embedding,2144,22.3573
embedding,2160,22.4747
embedding,2176,22.677
embedding,2192,22.9123
embedding,2208,23.222
embedding,2224,23.2957
embedding,2240,23.6057
embedding,2256,23.5843
embedding,2272,23.7447
embedding,2288,23.9897
embedding,2304,24.107
embedding,2320,24.1493
embedding,2336,24.3523
embedding,2352,24.4903
embedding,2368,24.6503
embedding,2384,24.7993
embedding,2400,24.8423
embedding,2416,25.12
embedding,2432,25.227
embedding,2448,25.4503
embedding,2464,25.525
embedding,2480,25.6637
embedding,2496,25.738
embedding,2512,25.9723
embedding,2528,26.3567
embedding,2544,26.304
embedding,2560,26.389
embedding,2576,26.5703
embedding,2592,26.7613
embedding,2608,26.8267
embedding,2624,27.786
embedding,2640,27.2423
embedding,2656,27.3593
embedding,2672,27.6583
embedding,2688,27.5193
embedding,2704,27.7007
embedding,2720,28.053
embedding,2736,28.1057
embedding,2752,28.4147
embedding,2768,28.6183
embedding,2784,28.7137
embedding,2800,28.6827
embedding,2816,28.8213
embedding,2832,29.0873
embedding,2848,29.1083
embedding,2864,29.3427
embedding,2880,29.428
embedding,2896,29.5887
embedding,2912,29.8873
embedding,2928,29.9513
embedding,2944,30.0793
embedding,2960,30.2173
embedding,2976,30.4947
embedding,2992,30.4837
embedding,3008,30.6333
embedding,3024,30.974
embedding,3040,30.9217
embedding,3056,31.145
embedding,3072,31.455
embedding,3088,31.4547
embedding,3104,31.6033
embedding,3120,31.9453
embedding,3136,32.0307
embedding,3152,32.2013
embedding,3168,32.2017
embedding,3184,32.2443
embedding,3200,32.5313
embedding,3216,32.5743
embedding,3232,32.8627
embedding,3248,32.9793
embedding,3264,33.076
embedding,3280,33.406
embedding,3296,33.4817
embedding,3312,33.641
embedding,3328,33.716
embedding,3344,33.8013
embedding,3360,34.015
embedding,3376,34.0137
embedding,3392,34.1423
embedding,3408,34.5157
embedding,3424,34.4947
embedding,3440,34.8357
embedding,3456,34.803
embedding,3472,34.9953
embedding,3488,35.1337
embedding,3504,35.3367
embedding,3520,35.5187
embedding,3536,35.5717
embedding,3552,35.8697
embedding,3568,35.806
embedding,3584,36.04
embedding,3600,36.1793
embedding,3616,36.3813
embedding,3632,36.5627
embedding,3648,36.7447
embedding,3664,36.861
embedding,3680,36.894
embedding,3696,37.1287
embedding,3712,37.2783
embedding,3728,37.374
embedding,3744,37.576
embedding,3760,37.7257
embedding,3776,37.8107
embedding,3792,38.12
embedding,3808,38.3757
embedding,3824,38.3973
embedding,3840,38.5463
embedding,3856,38.9303
embedding,3872,38.9093
embedding,3888,39.1973
embedding,3904,39.1437
embedding,3920,39.3893
embedding,3936,39.3677
embedding,3952,39.8053
embedding,3968,39.848
embedding,3984,40.1347
embedding,4000,40.1567
embedding,4016,40.2743
embedding,4032,40.5193
embedding,4048,40.9993
embedding,4064,41.0627
embedding,4080,40.9783
final_layernorm,1,3.338
final_layernorm,2,3.359
final_layernorm,3,3.25233
final_layernorm,4,3.34867
final_layernorm,5,3.34833
final_layernorm,6,3.33767
final_layernorm,7,3.32733
final_layernorm,8,3.38067
final_layernorm,9,3.359
final_layernorm,10,3.35933
final_layernorm,11,3.38033
final_layernorm,12,3.41267
final_layernorm,13,3.402
final_layernorm,14,3.38067
final_layernorm,15,3.391
final_layernorm,16,3.34833
final_layernorm,20,3.44467
final_layernorm,24,3.445
final_layernorm,28,3.50867
final_layernorm,32,3.583
final_layernorm,36,3.46633
final_layernorm,40,3.52
final_layernorm,44,3.60433
final_layernorm,48,3.63567
final_layernorm,52,3.743
final_layernorm,56,3.77467
final_layernorm,60,4.031
final_layernorm,64,4.06267
final_layernorm,80,4.255
final_layernorm,96,5.62033
final_layernorm,112,5.72633
final_layernorm,128,5.791
final_layernorm,144,6.00367
final_layernorm,160,6.20667
final_layernorm,176,7.53933
final_layernorm,192,7.65667
final_layernorm,208,9.416
final_layernorm,224,9.523
final_layernorm,240,10.0133
final_layernorm,256,7.902
final_layernorm,272,7.92333
final_layernorm,288,8.13667
final_layernorm,304,8.42467
final_layernorm,320,8.70167
final_layernorm,336,9.53367
final_layernorm,352,10.44
final_layernorm,368,11.368
final_layernorm,384,12.0833
final_layernorm,400,12.8717
final_layernorm,416,13.7677
final_layernorm,432,14.7703
final_layernorm,448,15.6017
final_layernorm,464,16.0603
final_layernorm,480,16.86
final_layernorm,496,18.2677
final_layernorm,512,20.2507
final_layernorm,528,21.36
final_layernorm,544,22.096
final_layernorm,560,22.6613
final_layernorm,576,23.1943
final_layernorm,592,24.0473
final_layernorm,608,24.762
final_layernorm,624,25.871
final_layernorm,640,25.9663
final_layernorm,656,26.3397
final_layernorm,672,27.129
final_layernorm,688,27.5667
final_layernorm,704,28.3767
final_layernorm,720,28.9527
final_layernorm,736,29.4543
final_layernorm,752,29.9553
final_layernorm,768,30.8613
final_layernorm,784,30.2007
final_layernorm,800,31.224
final_layernorm,816,31.7787
final_layernorm,832,32.557
final_layernorm,848,32.6103
final_layernorm,864,34.0713
final_layernorm,880,34.1993
final_layernorm,896,35.0847
final_layernorm,912,35.586
final_layernorm,928,35.948
final_layernorm,944,36.631
final_layernorm,960,37.228
final_layernorm,976,38.849
final_layernorm,992,39.553
final_layernorm,1008,40.6833
final_layernorm,1024,41.696
final_layernorm,1040,42.5383
final_layernorm,1056,43.477
final_layernorm,1072,43.8823
final_layernorm,1088,44.4687
final_layernorm,1104,45.1407
final_layernorm,1120,45.8127
final_layernorm,1136,46.0363
final_layernorm,1152,46.9217
final_layernorm,1168,47.5083
final_layernorm,1184,48.3827
final_layernorm,1200,48.6167
final_layernorm,1216,49.641
final_layernorm,1232,50.483
final_layernorm,1248,50.579
final_layernorm,1264,51.8053
final_layernorm,1280,51.8583
final_layernorm,1296,50.899
final_layernorm,1312,51.9867
final_layernorm,1328,52.1363
final_layernorm,1344,52.8613
final_layernorm,1360,53.555
final_layernorm,1376,54.418
final_layernorm,1392,54.5353
final_layernorm,1408,55.5277
final_layernorm,1424,56.114
final_layernorm,1440,56.9453
final_layernorm,1456,57.3933
final_layernorm,1472,59.697
final_layernorm,1488,60.3583
final_layernorm,1504,61.2967
final_layernorm,1520,61.5947
final_layernorm,1536,62.246
final_layernorm,1552,59.8783
final_layernorm,1568,60.1553
final_layernorm,1584,60.774
final_layernorm,1600,61.4027
final_layernorm,1616,62.2457
final_layernorm,1632,62.8853
final_layernorm,1648,66.9373
final_layernorm,1664,67.823
final_layernorm,1680,68.2063
final_layernorm,1696,68.708
final_layernorm,1712,69.668
final_layernorm,1728,70.4567
final_layernorm,1744,67.919
final_layernorm,1760,68.9743
final_layernorm,1776,70.5313
final_layernorm,1792,71.0857
final_layernorm,1808,71.694
final_layernorm,1824,72.7917
final_layernorm,1840,73.2723
final_layernorm,1856,73.1653
final_layernorm,1872,74.6477
final_layernorm,1888,74.8717
final_layernorm,1904,75.714
final_layernorm,1920,77.2707
final_layernorm,1936,75.5223
final_layernorm,1952,76.6633
final_layernorm,1968,76.9293
final_layernorm,1984,77.7403
final_layernorm,2000,78.412
final_layernorm,2016,79.3933
final_layernorm,2032,79.5427
final_layernorm,2048,80.161
final_layernorm,2064,80.689
final_layernorm,2080,81.0623
final_layernorm,2096,82.3217
final_layernorm,2112,83.2163
final_layernorm,2128,84.9237
final_layernorm,2144,85.3393
final_layernorm,2160,86.0967
final_layernorm,2176,86.437
final_layernorm,2192,87.5037
final_layernorm,2208,88.0583
final_layernorm,2224,88.9327
final_layernorm,2240,89.454
final_layernorm,2256,89.7107
final_layernorm,2272,90.5853
final_layernorm,2288,91.5013
final_layernorm,2304,92.483
final_layernorm,2320,93.059
final_layernorm,2336,93.3893
final_layernorm,2352,93.8577
final_layernorm,2368,94.9247
final_layernorm,2384,95.7357
final_layernorm,2400,96.076
final_layernorm,2416,93.718
final_layernorm,2432,94.5177
final_layernorm,2448,94.8063
final_layernorm,2464,96.4153
final_layernorm,2480,96.7783
final_layernorm,2496,97.2797
final_layernorm,2512,99.348
final_layernorm,2528,99.657
final_layernorm,2544,101.012
final_layernorm,2560,101.448
final_layernorm,2576,102.259
final_layernorm,2592,102.429
final_layernorm,2608,103.134
final_layernorm,2624,103.815
final_layernorm,2640,104.103
final_layernorm,2656,105.085
final_layernorm,2672,105.99
final_layernorm,2688,106.331
final_layernorm,2704,107.825
final_layernorm,2720,108.624
final_layernorm,2736,109.456
final_layernorm,2752,110.127
final_layernorm,2768,110.563
final_layernorm,2784,111.268
final_layernorm,2800,112.248
final_layernorm,2816,112.963
final_layernorm,2832,113.431
final_layernorm,2848,114.371
final_layernorm,2864,114.829
final_layernorm,2880,115.222
final_layernorm,2896,113.644
final_layernorm,2912,114.209
final_layernorm,2928,114.592
final_layernorm,2944,114.965
final_layernorm,2960,116.128
final_layernorm,2976,116.724
final_layernorm,2992,116.895
final_layernorm,3008,117.94
final_layernorm,3024,118.376
final_layernorm,3040,119.411
final_layernorm,3056,120.062
final_layernorm,3072,120.295
final_layernorm,3088,122.61
final_layernorm,3104,123.122
final_layernorm,3120,123.441
final_layernorm,3136,124.731
final_layernorm,3152,124.966
final_layernorm,3168,125.968
final_layernorm,3184,126.565
final_layernorm,3200,127.087
final_layernorm,3216,127.609
final_layernorm,3232,128.569
final_layernorm,3248,128.868
final_layernorm,3264,129.283
final_layernorm,3280,127.725
final_layernorm,3296,127.8
final_layernorm,3312,128.993
final_layernorm,3328,129.516
final_layernorm,3344,129.793
final_layernorm,3360,130.955
final_layernorm,3376,130.805
final_layernorm,3392,131.893
final_layernorm,3408,133.034
final_layernorm,3424,133.546
final_layernorm,3440,133.919
final_layernorm,3456,134.249
final_layernorm,3472,136.595
final_layernorm,3488,137.246
final_layernorm,3504,138.398
final_layernorm,3520,138.514
final_layernorm,3536,139.805
final_layernorm,3552,140.124
final_layernorm,3568,140.795
final_layernorm,3584,141.318
final_layernorm,3600,142.075
final_layernorm,3616,143.237
final_layernorm,3632,144.112
final_layernorm,3648,144.057
final_layernorm,3664,145.338
final_layernorm,3680,145.583
final_layernorm,3696,147.715
final_layernorm,3712,148.771
final_layernorm,3728,149.112
final_layernorm,3744,150.124
final_layernorm,3760,150.476
final_layernorm,3776,150.956
final_layernorm,3792,151.531
final_layernorm,3808,152.118
final_layernorm,3824,152.64
final_layernorm,3840,152.959
final_layernorm,3856,151.861
final_layernorm,3872,152.17
final_layernorm,3888,153.673
final_layernorm,3904,153.129
final_layernorm,3920,154.014
final_layernorm,3936,153.811
final_layernorm,3952,154.259
final_layernorm,3968,155.411
final_layernorm,3984,157.18
final_layernorm,4000,158.055
final_layernorm,4016,158.95
final_layernorm,4032,160.144
final_layernorm,4048,161.232
final_layernorm,4064,161.702
final_layernorm,4080,162.575
gate_up_proj,1,18.1117
gate_up_proj,2,20.2343
gate_up_proj,3,20.4047
gate_up_proj,4,20.4047
gate_up_proj,5,20.3513
gate_up_proj,6,20.501
gate_up_proj,7,20.6073
gate_up_proj,8,20.5003
gate_up_proj,9,20.5113
gate_up_proj,10,20.5113
gate_up_proj,11,20.597
gate_up_proj,12,20.618
gate_up_proj,13,20.6287
gate_up_proj,14,20.7563
gate_up_proj,15,20.693
gate_up_proj,16,20.554
gate_up_proj,20,21.6847
gate_up_proj,24,21.919
gate_up_proj,28,22.229
gate_up_proj,32,18.8263
gate_up_proj,36,22.0257
gate_up_proj,40,22.0793
gate_up_proj,44,22.0367
gate_up_proj,48,22.3563
gate_up_proj,52,23.1357
gate_up_proj,56,23.0823
gate_up_proj,60,24.619
gate_up_proj,64,24.5543
gate_up_proj,80,34.7727
gate_up_proj,96,35.797
gate_up_proj,112,38.0257
gate_up_proj,128,49.012
gate_up_proj,144,47.092
gate_up_proj,160,52.4573
gate_up_proj,176,47.551
gate_up_proj,192,44.7457
gate_up_proj,208,62.878
gate_up_proj,224,63.4657
gate_up_proj,240,63.8923
gate_up_proj,256,64.4037
gate_up_proj,272,83.1347
gate_up_proj,288,83.1443
gate_up_proj,304,83.3047
gate_up_proj,320,83.4967
gate_up_proj,336,83.7637
gate_up_proj,352,83.902
gate_up_proj,368,83.9983
gate_up_proj,384,84.0093
gate_up_proj,400,83.8913
gate_up_proj,416,83.945
gate_up_proj,432,83.9767
gate_up_proj,448,83.923
gate_up_proj,464,138.152
gate_up_proj,480,138.823
gate_up_proj,496,118.931
gate_up_proj,512,118.942
gate_up_proj,528,119.56
gate_up_proj,544,119.624
gate_up_proj,560,119.57
gate_up_proj,576,119.655
gate_up_proj,592,123.645
gate_up_proj,608,123.645
gate_up_proj,624,123.645
gate_up_proj,640,240.454
gate_up_proj,656,239.909
gate_up_proj,672,239.941
gate_up_proj,688,240.624
gate_up_proj,704,240.699
gate_up_proj,720,240.699
gate_up_proj,736,240.795
gate_up_proj,752,240.784
gate_up_proj,768,240.795
gate_up_proj,784,241.925
gate_up_proj,800,242.021
gate_up_proj,816,242.096
gate_up_proj,832,242.288
gate_up_proj,848,242.853
gate_up_proj,864,243.013
gate_up_proj,880,242.746
gate_up_proj,896,242.875
gate_up_proj,912,242.907
gate_up_proj,928,242.896
gate_up_proj,944,242.96
gate_up_proj,960,243.163
gate_up_proj,976,232.976
gate_up_proj,992,232.966
gate_up_proj,1008,203.911
gate_up_proj,1024,206.544
gate_up_proj,1040,243.238
gate_up_proj,1056,243.322
gate_up_proj,1072,243.226
gate_up_proj,1088,243.376
gate_up_proj,1104,243.216
gate_up_proj,1120,243.302
gate_up_proj,1136,243.312
gate_up_proj,1152,243.376
gate_up_proj,1168,243.099
gate_up_proj,1184,243.206
gate_up_proj,1200,243.163
gate_up_proj,1216,242.63
gate_up_proj,1232,242.64
gate_up_proj,1248,242.747
gate_up_proj,1264,242.885
gate_up_proj,1280,242.821
gate_up_proj,1296,243.686
gate_up_proj,1312,243.622
gate_up_proj,1328,243.664
gate_up_proj,1344,243.632
gate_up_proj,1360,360.676
gate_up_proj,1376,360.92
gate_up_proj,1392,361.005
gate_up_proj,1408,361.314
gate_up_proj,1424,361.379
gate_up_proj,1440,361.624
gate_up_proj,1456,361.613
gate_up_proj,1472,361.838
gate_up_proj,1488,361.731
gate_up_proj,1504,361.795
gate_up_proj,1520,361.88
gate_up_proj,1536,362.114
gate_up_proj,1552,362.03
gate_up_proj,1568,362.254
gate_up_proj,1584,362.318
gate_up_proj,1600,362.456
gate_up_proj,1616,362.318
gate_up_proj,1632,362.382
gate_up_proj,1648,362.211
gate_up_proj,1664,320.185
gate_up_proj,1680,402.957
gate_up_proj,1696,403.031
gate_up_proj,1712,403.032
gate_up_proj,1728,403.138
gate_up_proj,1744,403.01
gate_up_proj,1760,403.02
gate_up_proj,1776,402.892
gate_up_proj,1792,403.106
gate_up_proj,1808,403
gate_up_proj,1824,403.063
gate_up_proj,1840,403.245
gate_up_proj,1856,403.437
gate_up_proj,1872,403.415
gate_up_proj,1888,403.544
gate_up_proj,1904,403.479
gate_up_proj,1920,403.341
gate_up_proj,1936,402.914
gate_up_proj,1952,402.872
gate_up_proj,1968,402.978
gate_up_proj,1984,403.117
gate_up_proj,2000,403.319
gate_up_proj,2016,403.298
gate_up_proj,2032,403.458
gate_up_proj,2048,403.533
gate_up_proj,2064,402.948
gate_up_proj,2080,403.055
gate_up_proj,2096,402.767
gate_up_proj,2112,402.788
gate_up_proj,2128,402.917
gate_up_proj,2144,402.712
gate_up_proj,2160,403.139
gate_up_proj,2176,403.256
gate_up_proj,2192,402.978
gate_up_proj,2208,403.425
gate_up_proj,2224,403.287
gate_up_proj,2240,403.212
gate_up_proj,2256,598.551
gate_up_proj,2272,598.817
gate_up_proj,2288,598.72
gate_up_proj,2304,599.381
gate_up_proj,2320,599.04
gate_up_proj,2336,599.657
gate_up_proj,2352,599.795
gate_up_proj,2368,599.967
gate_up_proj,2384,600.18
gate_up_proj,2400,600.445
gate_up_proj,2416,599.815
gate_up_proj,2432,599.804
gate_up_proj,2448,600.166
gate_up_proj,2464,600.315
gate_up_proj,2480,600.228
gate_up_proj,2496,600.378
gate_up_proj,2512,600.464
gate_up_proj,2528,600.536
gate_up_proj,2544,600.78
gate_up_proj,2560,600.686
gate_up_proj,2576,600.312
gate_up_proj,2592,600.406
gate_up_proj,2608,600.63
gate_up_proj,2624,600.673
gate_up_proj,2640,600.747
gate_up_proj,2656,601.087
gate_up_proj,2672,601.257
gate_up_proj,2688,601.439
gate_up_proj,2704,601.182
gate_up_proj,2720,601.429
gate_up_proj,2736,600.593
gate_up_proj,2752,601.021
gate_up_proj,2768,601.171
gate_up_proj,2784,601.074
gate_up_proj,2800,601.467
gate_up_proj,2816,601.307
gate_up_proj,2832,601.328
gate_up_proj,2848,601.51
gate_up_proj,2864,601.604
gate_up_proj,2880,601.625
gate_up_proj,2896,601.305
gate_up_proj,2912,601.145
gate_up_proj,2928,601.41
gate_up_proj,2944,601.772
gate_up_proj,2960,564.046
gate_up_proj,2976,564.259
gate_up_proj,2992,564.438
gate_up_proj,3008,564.472
gate_up_proj,3024,564.652
gate_up_proj,3040,565.048
gate_up_proj,3056,564.992
gate_up_proj,3072,565.237
gate_up_proj,3088,635.826
gate_up_proj,3104,635.558
gate_up_proj,3120,635.365
gate_up_proj,3136,635.676
gate_up_proj,3152,635.57
gate_up_proj,3168,635.599
gate_up_proj,3184,635.684
gate_up_proj,3200,635.705
gate_up_proj,3216,635.812
gate_up_proj,3232,635.756
gate_up_proj,3248,635.789
gate_up_proj,3264,635.682
gate_up_proj,3280,635.736
gate_up_proj,3296,635.659
gate_up_proj,3312,635.905
gate_up_proj,3328,635.617
gate_up_proj,3344,635.936
gate_up_proj,3360,636.031
gate_up_proj,3376,635.977
gate_up_proj,3392,636.116
gate_up_proj,3408,635.881
gate_up_proj,3424,635.88
gate_up_proj,3440,635.912
gate_up_proj,3456,636.051
gate_up_proj,3472,675.951
gate_up_proj,3488,676.324
gate_up_proj,3504,675.79
gate_up_proj,3520,676.272
gate_up_proj,3536,676.919
gate_up_proj,3552,677.25
gate_up_proj,3568,676.855
gate_up_proj,3584,677.197
gate_up_proj,3600,770.896
gate_up_proj,3616,772.847
gate_up_proj,3632,774.021
gate_up_proj,3648,774.757
gate_up_proj,3664,774.691
gate_up_proj,3680,775.639
gate_up_proj,3696,775.566
gate_up_proj,3712,776.056
gate_up_proj,3728,776.747
gate_up_proj,3744,776.257
gate_up_proj,3760,776.215
gate_up_proj,3776,777.534
gate_up_proj,3792,776.596
gate_up_proj,3808,777.673
gate_up_proj,3824,778.911
gate_up_proj,3840,778.268
gate_up_proj,3856,780.967
gate_up_proj,3872,781.97
gate_up_proj,3888,781.426
gate_up_proj,3904,781.595
gate_up_proj,3920,781.445
gate_up_proj,3936,782.426
gate_up_proj,3952,782.17
gate_up_proj,3968,782.329
gate_up_proj,3984,782.339
gate_up_proj,4000,782.701
gate_up_proj,4016,782.957
gate_up_proj,4032,782.742
gate_up_proj,4048,783.362
gate_up_proj,4064,783.276
gate_up_proj,4080,783.221
layernorm,1,2.938
layernorm,2,2.895
layernorm,3,2.8955
layernorm,4,2.89017
layernorm,5,2.91667
layernorm,6,2.9225
layernorm,7,2.90583
layernorm,8,2.92717
layernorm,9,2.91117
layernorm,10,2.906
layernorm,11,2.91117
layernorm,12,2.9165
layernorm,13,2.92733
layernorm,14,2.95417
layernorm,15,2.94833
layernorm,16,2.9325
layernorm,20,2.95417
layernorm,24,3.00717
layernorm,28,3.05517
layernorm,32,3.157
layernorm,36,3.20983
layernorm,40,3.29017
layernorm,44,3.3535
layernorm,48,3.418
layernorm,52,3.50283
layernorm,56,3.54017
layernorm,60,3.6365
layernorm,64,3.72683
layernorm,80,4.079
layernorm,96,4.62817
layernorm,112,4.676
layernorm,128,4.82017
layernorm,144,5.0335
layernorm,160,5.19367
layernorm,176,5.84917
layernorm,192,5.90267
layernorm,208,6.601
layernorm,224,6.86733
layernorm,240,7.081
layernorm,256,6.31867
layernorm,272,6.45717
layernorm,288,6.72333
layernorm,304,6.8195
layernorm,320,6.974
layernorm,336,7.61933
layernorm,352,8.15783
layernorm,368,8.51
layernorm,384,9.16567
layernorm,400,9.5815
layernorm,416,10.1787
layernorm,432,10.5683
layernorm,448,11.3092
layernorm,464,11.629
layernorm,480,12.0503
layernorm,496,13.8203
layernorm,512,15.1853
layernorm,528,15.8842
layernorm,544,16.2895
layernorm,560,16.8437
layernorm,576,17.313
layernorm,592,17.692
layernorm,608,18.1715
layernorm,624,18.7683
layernorm,640,18.7523
layernorm,656,19.0777
layernorm,672,19.526
layernorm,688,19.8083
layernorm,704,20.192
layernorm,720,20.5818
layernorm,736,21.1625
layernorm,752,21.5787
layernorm,768,22.1655
layernorm,784,22.0583
layernorm,800,22.4318
layernorm,816,23.0448
layernorm,832,23.482
layernorm,848,24.0525
layernorm,864,24.666
layernorm,880,25.5403
layernorm,896,26.1962
layernorm,912,26.5533
layernorm,928,27.5717
layernorm,944,28.137
layernorm,960,28.8673
layernorm,976,30.1045
layernorm,992,30.8457
layernorm,1008,31.2612
layernorm,1024,31.96
layernorm,1040,31.5763
layernorm,1056,31.9758
layernorm,1072,32.5463
layernorm,1088,33.1168
layernorm,1104,33.7892
layernorm,1120,34.2742
layernorm,1136,34.6418
layernorm,1152,35.3348
layernorm,1168,35.6975
layernorm,1184,36.1188
layernorm,1200,36.8707
layernorm,1216,36.892
layernorm,1232,37.6812
layernorm,1248,37.9585
layernorm,1264,38.3315
layernorm,1280,39.8567
layernorm,1296,39.6167
layernorm,1312,40.2458
layernorm,1328,41.0828
layernorm,1344,41.1418
layernorm,1360,42.2665
layernorm,1376,43.029
layernorm,1392,43.3755
layernorm,1408,44.1908
layernorm,1424,44.5595
layernorm,1440,45.5457
layernorm,1456,46.0043
layernorm,1472,47.0443
layernorm,1488,47.5455
layernorm,1504,48.265
layernorm,1520,48.537
layernorm,1536,49.3207
layernorm,1552,49.4647
layernorm,1568,50.0353
layernorm,1584,50.4672
layernorm,1600,51.2352
layernorm,1616,51.7575
layernorm,1632,52.4558
layernorm,1648,52.8612
layernorm,1664,53.2825
layernorm,1680,53.8105
layernorm,1696,54.1995
layernorm,1712,53.357
layernorm,1728,53.89
layernorm,1744,54.4713
layernorm,1760,55.239
layernorm,1776,56.7108
layernorm,1792,56.9347
layernorm,1808,57.3295
layernorm,1824,57.9692
layernorm,1840,58.4437
layernorm,1856,58.9073
layernorm,1872,59.8515
layernorm,1888,60.4165
layernorm,1904,60.7577
layernorm,1920,61.3867
layernorm,1936,61.003
layernorm,1952,61.9093
layernorm,1968,61.744
layernorm,1984,62.7145
layernorm,2000,63.5358
layernorm,2016,63.504
layernorm,2032,64.1757
layernorm,2048,64.7467
layernorm,2064,65.2725
layernorm,2080,66.1523
layernorm,2096,66.3128
layernorm,2112,67.2507
layernorm,2128,68.2
layernorm,2144,69.0158
layernorm,2160,69.1655
layernorm,2176,69.922
layernorm,2192,70.2368
layernorm,2208,70.7273
layernorm,2224,71.3995
layernorm,2240,72.188
layernorm,2256,72.6145
layernorm,2272,73.1212
layernorm,2288,73.6213
layernorm,2304,73.9203
layernorm,2320,74.598
layernorm,2336,75.238
layernorm,2352,75.5193
layernorm,2368,76.5595
layernorm,2384,76.4372
layernorm,2400,77.305
layernorm,2416,76.3183
layernorm,2432,76.9428
layernorm,2448,77.4865
layernorm,2464,78.0082
layernorm,2480,78.6003
layernorm,2496,79.3683
layernorm,2512,80.6742
layernorm,2528,81.0262
layernorm,2544,81.4207
layernorm,2560,81.9747
layernorm,2576,83.3343
layernorm,2592,82.9295
layernorm,2608,83.0947
layernorm,2624,84.5282
layernorm,2640,84.3203
layernorm,2656,84.8858
layernorm,2672,85.9515
layernorm,2688,86.0955
layernorm,2704,87.5942
layernorm,2720,89.1133
layernorm,2736,88.2175
layernorm,2752,88.7877
layernorm,2768,89.491
layernorm,2784,89.4107
layernorm,2800,90.3927
layernorm,2816,90.1035
layernorm,2832,90.8767
layernorm,2848,91.8262
layernorm,2864,92.5405
layernorm,2880,93.249
layernorm,2896,94.1132
layernorm,2912,93.9957
layernorm,2928,93.9255
layernorm,2944,94.2452
layernorm,2960,94.1495
layernorm,2976,94.5645
layernorm,2992,95.2043
layernorm,3008,95.903
layernorm,3024,95.8968
layernorm,3040,96.5263
layernorm,3056,97.0542
layernorm,3072,97.8535
layernorm,3088,98.7225
layernorm,3104,99.4105
layernorm,3120,100.199
layernorm,3136,100.145
layernorm,3152,101.015
layernorm,3168,101.52
layernorm,3184,102.363
layernorm,3200,102.454
layernorm,3216,102.864
layernorm,3232,104.117
layernorm,3248,104.117
layernorm,3264,104.442
layernorm,3280,105.135
layernorm,3296,106.084
layernorm,3312,106.558
layernorm,3328,106.984
layernorm,3344,107.022
layernorm,3360,107.752
layernorm,3376,108.151
layernorm,3392,108.903
layernorm,3408,108.636
layernorm,3424,109.873
layernorm,3440,110.486
layernorm,3456,110.363
layernorm,3472,110.875
layernorm,3488,111.75
layernorm,3504,112.218
layernorm,3520,112.767
layernorm,3536,113.375
layernorm,3552,113.647
layernorm,3568,114.825
layernorm,3584,114.948
layernorm,3600,115.188
layernorm,3616,115.358
layernorm,3632,116.173
layernorm,3648,117.239
layernorm,3664,118.476
layernorm,3680,117.367
layernorm,3696,119.132
layernorm,3712,119.644
layernorm,3728,120.257
layernorm,3744,120.246
layernorm,3760,121.189
layernorm,3776,122.459
layernorm,3792,122.698
layernorm,3808,122.644
layernorm,3824,123.396
layernorm,3840,123.502
layernorm,3856,123.39
layernorm,3872,124.185
layernorm,3888,123.87
layernorm,3904,124.637
layernorm,3920,124.979
layernorm,3936,125.794
layernorm,3952,126.466
layernorm,3968,126.663
layernorm,3984,128.433
layernorm,4000,129.009
layernorm,4016,129.43
layernorm,4032,129.53
layernorm,4048,130.378
layernorm,4064,131.466
layernorm,4080,131.871
o_proj,1,6.76267
o_proj,2,5.643
o_proj,3,5.66433
o_proj,4,5.63233
o_proj,5,5.66333
o_proj,6,5.63167
o_proj,7,5.653
o_proj,8,5.696
o_proj,9,5.72767
o_proj,10,5.78133
o_proj,11,5.79167
o_proj,12,5.813
o_proj,13,5.707
o_proj,14,5.803
o_proj,15,5.76033
o_proj,16,5.813
o_proj,20,6.26133
o_proj,24,6.34667
o_proj,28,6.69867
o_proj,32,7.97867
o_proj,36,6.549
o_proj,40,6.59167
o_proj,44,6.656
o_proj,48,7.05067
o_proj,52,7.061
o_proj,56,6.62367
o_proj,60,9.41867
o_proj,64,9.44
o_proj,80,12.469
o_proj,96,12.4473
o_proj,112,9.51467
o_proj,128,9.525
o_proj,144,12.672
o_proj,160,12.6933
o_proj,176,12.9813
o_proj,192,12.895
o_proj,208,16.352
o_proj,224,16.7147
o_proj,240,16.6927
o_proj,256,16.6503
o_proj,272,21.493
o_proj,288,21.4823
o_proj,304,21.5783
o_proj,320,21.6423
o_proj,336,21.6207
o_proj,352,21.6423
o_proj,368,21.8133
o_proj,384,21.7597
o_proj,400,28.5323
o_proj,416,28.4903
o_proj,432,28.6823
o_proj,448,28.927
o_proj,464,28.9803
o_proj,480,29.0443
o_proj,496,28.682
o_proj,512,28.7033
o_proj,528,27.0927
o_proj,544,27.0507
o_proj,560,27.1137
o_proj,576,27.1677
o_proj,592,27.1247
o_proj,608,27.2633
o_proj,624,27.1997
o_proj,640,27.306
o_proj,656,40.5327
o_proj,672,40.5963
o_proj,688,38.7837
o_proj,704,39.0603
o_proj,720,39.0923
o_proj,736,39.583
o_proj,752,39.8177
o_proj,768,39.455
o_proj,784,44.6073
o_proj,800,44.7247
o_proj,816,44.7137
o_proj,832,44.7457
o_proj,848,35.8183
o_proj,864,35.8077
o_proj,880,36.4257
o_proj,896,36.554
o_proj,912,36.522
o_proj,928,36.565
o_proj,944,36.7033
o_proj,960,36.7457
o_proj,976,40.415
o_proj,992,40.3833
o_proj,1008,40.319
o_proj,1024,40.3613
o_proj,1040,40.5647
o_proj,1056,40.5857
o_proj,1072,43.818
o_proj,1088,43.9353
o_proj,1104,43.9883
o_proj,1120,43.9243
o_proj,1136,44.0203
o_proj,1152,44.063
o_proj,1168,47.22
o_proj,1184,47.3057
o_proj,1200,47.412
o_proj,1216,47.327
o_proj,1232,47.594
o_proj,1248,47.3693
o_proj,1264,48.3187
o_proj,1280,48.4363
o_proj,1296,47.6363
o_proj,1312,47.679
o_proj,1328,47.7647
o_proj,1344,47.7963
o_proj,1360,51.2737
o_proj,1376,51.0707
o_proj,1392,51.412
o_proj,1408,51.188
o_proj,1424,51.4013
o_proj,1440,51.1883
o_proj,1456,54.8147
o_proj,1472,54.8367
o_proj,1488,54.8147
o_proj,1504,54.8683
o_proj,1520,55.007
o_proj,1536,54.932
o_proj,1552,58.335
o_proj,1568,58.452
o_proj,1584,58.3773
o_proj,1600,58.5587
o_proj,1616,58.335
o_proj,1632,69.62
o_proj,1648,69.7903
o_proj,1664,69.8753
o_proj,1680,70.9107
o_proj,1696,71.0383
o_proj,1712,71.2943
o_proj,1728,71.1877
o_proj,1744,71.6573
o_proj,1760,71.3473
o_proj,1776,71.2727
o_proj,1792,71.5617
o_proj,1808,71.8923
o_proj,1824,71.9233
o_proj,1840,71.7103
o_proj,1856,71.828
o_proj,1872,71.7317
o_proj,1888,71.71
o_proj,1904,71.6677
o_proj,1920,71.2843
o_proj,1936,81.225
o_proj,1952,81.2887
o_proj,1968,81.5663
o_proj,1984,81.502
o_proj,2000,81.726
o_proj,2016,81.662
o_proj,2032,81.534
o_proj,2048,82.014
o_proj,2064,81.9317
o_proj,2080,81.921
o_proj,2096,81.8677
o_proj,2112,82.0487
o_proj,2128,82.1877
o_proj,2144,82.2517
o_proj,2160,82.23
o_proj,2176,82.2083
o_proj,2192,89.1737
o_proj,2208,88.8213
o_proj,2224,89.44
o_proj,2240,89.2803
o_proj,2256,89.3123
o_proj,2272,89.3547
o_proj,2288,89.365
o_proj,2304,89.5577
o_proj,2320,92.021
o_proj,2336,92.5653
o_proj,2352,92.3517
o_proj,2368,92.48
o_proj,2384,93.216
o_proj,2400,92.6717
o_proj,2416,93.3217
o_proj,2432,93.344
o_proj,2448,93.6527
o_proj,2464,93.546
o_proj,2480,93.7587
o_proj,2496,93.5137
o_proj,2512,93.6097
o_proj,2528,93.7053
o_proj,2544,93.5347
o_proj,2560,93.791
o_proj,2576,93.8873
o_proj,2592,94.4303
o_proj,2608,94.0467
o_proj,2624,93.8227
o_proj,2640,102.462
o_proj,2656,102.206
o_proj,2672,102.505
o_proj,2688,102.441
o_proj,2704,103.518
o_proj,2720,103.262
o_proj,2736,103.688
o_proj,2752,103.529
o_proj,2768,103.816
o_proj,2784,103.624
o_proj,2800,103.602
o_proj,2816,103.709
o_proj,2832,104.381
o_proj,2848,104.722
o_proj,2864,104.605
o_proj,2880,104.114
o_proj,2896,104.37
o_proj,2912,104.68
o_proj,2928,104.541
o_proj,2944,104.754
o_proj,2960,113.949
o_proj,2976,113.959
o_proj,2992,114.161
o_proj,3008,113.703
o_proj,3024,114.001
o_proj,3040,114.119
o_proj,3056,114.428
o_proj,3072,114.46
o_proj,3088,114.47
o_proj,3104,115.014
o_proj,3120,114.982
o_proj,3136,115.238
o_proj,3152,115.771
o_proj,3168,115.472
o_proj,3184,115.739
o_proj,3200,114.918
o_proj,3216,122.426
o_proj,3232,122.565
o_proj,3248,122.32
o_proj,3264,122.885
o_proj,3280,123.418
o_proj,3296,123.749
o_proj,3312,123.023
o_proj,3328,123.141
o_proj,3344,125.359
o_proj,3360,125.337
o_proj,3376,125.209
o_proj,3392,125.498
o_proj,3408,125.145
o_proj,3424,125.262
o_proj,3440,125.22
o_proj,3456,125.198
o_proj,3472,125.966
o_proj,3488,125.582
o_proj,3504,125.785
o_proj,3520,125.667
o_proj,3536,125.667
o_proj,3552,126.126
o_proj,3568,126.008
o_proj,3584,126.083
o_proj,3600,135.746
o_proj,3616,135.362
o_proj,3632,135.245
o_proj,3648,135.607
o_proj,3664,135.756
o_proj,3680,135.34
o_proj,3696,135.565
o_proj,3712,135.202
o_proj,3728,135.799
o_proj,3744,136.087
o_proj,3760,136.15
o_proj,3776,135.979
o_proj,3792,135.937
o_proj,3808,135.745
o_proj,3824,136.033
o_proj,3840,135.969
o_proj,3856,142.87
o_proj,3872,142.955
o_proj,3888,142.72
o_proj,3904,142.293
o_proj,3920,142.805
o_proj,3936,143.104
o_proj,3952,142.773
o_proj,3968,141.984
o_proj,3984,146.613
o_proj,4000,146.175
o_proj,4016,146.015
o_proj,4032,146.217
o_proj,4048,146.698
o_proj,4064,146.602
o_proj,4080,146.741
qkv_proj,1,10.0693
qkv_proj,2,14.0583
qkv_proj,3,14.005
qkv_proj,4,14.047
qkv_proj,5,14.219
qkv_proj,6,14.144
qkv_proj,7,14.1227
qkv_proj,8,14.2827
qkv_proj,9,14.2507
qkv_proj,10,14.314
qkv_proj,11,14.3247
qkv_proj,12,14.3673
qkv_proj,13,14.2713
qkv_proj,14,14.4
qkv_proj,15,14.261
qkv_proj,16,14.4637
qkv_proj,20,16.821
qkv_proj,24,16.8637
qkv_proj,28,17.439
qkv_proj,32,16.9597
qkv_proj,36,16.5437
qkv_proj,40,16.533
qkv_proj,44,16.5437
qkv_proj,48,14.848
qkv_proj,52,14.837
qkv_proj,56,16.682
qkv_proj,60,16.7783
qkv_proj,64,23.1357
qkv_proj,80,21.269
qkv_proj,96,21.45
qkv_proj,112,24.906
qkv_proj,128,22.1643
qkv_proj,144,34.165
qkv_proj,160,33.9727
qkv_proj,176,30.6447
qkv_proj,192,30.8683
qkv_proj,208,37.61
qkv_proj,224,37.727
qkv_proj,240,37.6953
qkv_proj,256,37.9617
qkv_proj,272,44.6073
qkv_proj,288,44.4683
qkv_proj,304,44.4363
qkv_proj,320,44.5643
qkv_proj,336,44.959
qkv_proj,352,44.9583
qkv_proj,368,45.1937
qkv_proj,384,45.407
qkv_proj,400,65.0223
qkv_proj,416,65.023
qkv_proj,432,65.1507
qkv_proj,448,65.1933
qkv_proj,464,65.1927
qkv_proj,480,65.3207
qkv_proj,496,68.788
qkv_proj,512,69.033
qkv_proj,528,83.454
qkv_proj,544,83.4327
qkv_proj,560,83.4537
qkv_proj,576,83.4223
qkv_proj,592,83.5393
qkv_proj,608,122.398
qkv_proj,624,122.418
qkv_proj,640,122.546
qkv_proj,656,122.472
qkv_proj,672,122.696
qkv_proj,688,90.377
qkv_proj,704,90.7607
qkv_proj,720,90.9417
qkv_proj,736,90.9727
qkv_proj,752,91.166
qkv_proj,768,96.8937
qkv_proj,784,121.512
qkv_proj,800,121.672
qkv_proj,816,121.779
qkv_proj,832,121.96
qkv_proj,848,121.981
qkv_proj,864,122.141
qkv_proj,880,123.08
qkv_proj,896,123.176
qkv_proj,912,123.07
qkv_proj,928,123.133
qkv_proj,944,123.123
qkv_proj,960,123.176
qkv_proj,976,123.411
qkv_proj,992,162.257
qkv_proj,1008,162.311
qkv_proj,1024,162.289
qkv_proj,1040,162.268
qkv_proj,1056,162.428
qkv_proj,1072,162.429
qkv_proj,1088,162.461
qkv_proj,1104,162.535
qkv_proj,1120,162.418
qkv_proj,1136,162.525
qkv_proj,1152,162.535
qkv_proj,1168,123.592
qkv_proj,1184,123.667
qkv_proj,1200,123.571
qkv_proj,1216,123.73
qkv_proj,1232,123.614
qkv_proj,1248,123.859
qkv_proj,1264,242.245
qkv_proj,1280,242.245
qkv_proj,1296,242.278
qkv_proj,1312,242.245
qkv_proj,1328,242.203
qkv_proj,1344,162.855
qkv_proj,1360,162.887
qkv_proj,1376,162.994
qkv_proj,1392,162.876
qkv_proj,1408,162.972
qkv_proj,1424,163.016
qkv_proj,1440,163.079
qkv_proj,1456,163.143
qkv_proj,1472,163.068
qkv_proj,1488,163.08
qkv_proj,1504,163.121
qkv_proj,1520,163.196
qkv_proj,1536,163.164
qkv_proj,1552,163.176
qkv_proj,1568,163.196
qkv_proj,1584,163.228
qkv_proj,1600,163.207
qkv_proj,1616,163.175
qkv_proj,1632,163.292
qkv_proj,1648,163.186
qkv_proj,1664,169.554
qkv_proj,1680,199.185
qkv_proj,1696,199.217
qkv_proj,1712,199.207
qkv_proj,1728,197.841
qkv_proj,1744,197.99
qkv_proj,1760,198.619
qkv_proj,1776,198.801
qkv_proj,1792,241.584
qkv_proj,1808,241.68
qkv_proj,1824,241.627
qkv_proj,1840,241.755
qkv_proj,1856,241.627
qkv_proj,1872,241.637
qkv_proj,1888,241.734
qkv_proj,1904,241.702
qkv_proj,1920,241.744
qkv_proj,1936,241.904
qkv_proj,1952,241.894
qkv_proj,1968,241.862
qkv_proj,1984,241.926
qkv_proj,2000,241.936
qkv_proj,2016,241.936
qkv_proj,2032,241.958
qkv_proj,2048,242.011
qkv_proj,2064,241.677
qkv_proj,2080,219.938
qkv_proj,2096,220.056
qkv_proj,2112,220.129
qkv_proj,2128,220.099
qkv_proj,2144,219.916
qkv_proj,2160,220.236
qkv_proj,2176,219.97
qkv_proj,2192,254.903
qkv_proj,2208,254.605
qkv_proj,2224,254.689
qkv_proj,2240,254.988
qkv_proj,2256,254.838
qkv_proj,2272,254.752
qkv_proj,2288,254.89
qkv_proj,2304,254.827
qkv_proj,2320,255.222
qkv_proj,2336,255.135
qkv_proj,2352,255.146
qkv_proj,2368,255.072
qkv_proj,2384,255.04
qkv_proj,2400,255.188
qkv_proj,2416,254.996
qkv_proj,2432,255.465
qkv_proj,2448,255.679
qkv_proj,2464,255.529
qkv_proj,2480,255.464
qkv_proj,2496,255.528
qkv_proj,2512,255.634
qkv_proj,2528,255.805
qkv_proj,2544,255.58
qkv_proj,2560,255.644
qkv_proj,2576,332.145
qkv_proj,2592,332.72
qkv_proj,2608,333.221
qkv_proj,2624,333.658
qkv_proj,2640,333.882
qkv_proj,2656,271.675
qkv_proj,2672,271.952
qkv_proj,2688,273.146
qkv_proj,2704,273.125
qkv_proj,2720,272.997
qkv_proj,2736,273.178
qkv_proj,2752,272.901
qkv_proj,2768,273.274
qkv_proj,2784,273.262
qkv_proj,2800,273.134
qkv_proj,2816,273.092
qkv_proj,2832,320.152
qkv_proj,2848,318.701
qkv_proj,2864,318.891
qkv_proj,2880,318.903
qkv_proj,2896,317.26
qkv_proj,2912,318.935
qkv_proj,2928,321.419
qkv_proj,2944,317.547
qkv_proj,2960,322.165
qkv_proj,2976,322.433
qkv_proj,2992,322.196
qkv_proj,3008,322.144
qkv_proj,3024,322.068
qkv_proj,3040,322.549
qkv_proj,3056,322.355
qkv_proj,3072,321.897
qkv_proj,3088,322.569
qkv_proj,3104,319.304
qkv_proj,3120,319.303
qkv_proj,3136,319.155
qkv_proj,3152,319.123
qkv_proj,3168,319.474
qkv_proj,3184,319.154
qkv_proj,3200,319.175
qkv_proj,3216,319.473
qkv_proj,3232,319.366
qkv_proj,3248,319.228
qkv_proj,3264,319.526
qkv_proj,3280,319.409
qkv_proj,3296,319.536
qkv_proj,3312,319.622
qkv_proj,3328,319.836
qkv_proj,3344,479.571
qkv_proj,3360,479.591
qkv_proj,3376,479.719
qkv_proj,3392,479.837
qkv_proj,3408,479.825
qkv_proj,3424,479.994
qkv_proj,3440,479.899
qkv_proj,3456,479.92
qkv_proj,3472,479.557
qkv_proj,3488,479.652
qkv_proj,3504,479.545
qkv_proj,3520,479.663
qkv_proj,3536,479.843
qkv_proj,3552,479.864
qkv_proj,3568,479.864
qkv_proj,3584,479.918
qkv_proj,3600,480.023
qkv_proj,3616,480.119
qkv_proj,3632,480.098
qkv_proj,3648,480.151
qkv_proj,3664,479.862
qkv_proj,3680,479.808
qkv_proj,3696,479.777
qkv_proj,3712,479.979
qkv_proj,3728,480.106
qkv_proj,3744,480.064
qkv_proj,3760,480.075
qkv_proj,3776,480.146
qkv_proj,3792,480.041
qkv_proj,3808,480.009
qkv_proj,3824,480.041
qkv_proj,3840,480.082
qkv_proj,3856,479.89
qkv_proj,3872,479.773
qkv_proj,3888,479.976
qkv_proj,3904,479.921
qkv_proj,3920,480.198
qkv_proj,3936,480.326
qkv_proj,3952,480.305
qkv_proj,3968,480.39
qkv_proj,3984,480.389
qkv_proj,4000,480.272
qkv_proj,4016,480.378
qkv_proj,4032,480.42
qkv_proj,4048,480.271
qkv_proj,4064,480.186
qkv_proj,4080,480.249
